{
  "edge_analysis": {
    "static_total": 30,
    "llm_total": 36,
    "matched_edges": {
      "exact_matches": 22,
      "partial_matches": 5
    },
    "accuracy_metrics": {
      "precision": 22.0,
      "recall": 0.7333333333333333,
      "f1_score": 1.3736702127659575
    }
  },
  "structure_validation": {
    "missing_blocks": [
      "0",
      "2",
      "6",
      "10",
      "11",
      "12",
      "15",
      "20",
      "21",
      "22",
      "23",
      "24",
      "25",
      "26",
      "27",
      "28",
      "29"
    ],
    "extra_blocks": [
      "0",
      "1",
      "2",
      "3",
      "4",
      "5",
      "7",
      "8",
      "9",
      "13",
      "14",
      "16",
      "17",
      "18",
      "19",
      "20",
      "21",
      "22",
      "23",
      "24",
      "25",
      "26",
      "27",
      "28",
      "29",
      "30",
      "31",
      "32",
      "33",
      "34",
      "35"
    ]
  }
}