{
  "edge_analysis": {
    "static_total": 39,
    "llm_total": 33,
    "matched_edges": {
      "exact_matches": 26,
      "partial_matches": 0
    },
    "accuracy_metrics": {
      "precision": 0.7878787878787878,
      "recall": 0.6666666666666666,
      "f1_score": 0.7222222222222222
    }
  },
  "structure_validation": {
    "missing_blocks": [
      7,
      8,
      14,
      15,
      17,
      24,
      25,
      27,
      28,
      29,
      30,
      31,
      32
    ],
    "extra_blocks": []
  }
}