{
  "edge_analysis": {
    "static_total": 55,
    "llm_total": 58,
    "matched_edges": {
      "exact_matches": 43,
      "partial_matches": 3
    },
    "accuracy_metrics": {
      "precision": 0.7413793103448276,
      "recall": 0.7818181818181819,
      "f1_score": 0.7602739726027397
    }
  },
  "structure_validation": {
    "missing_blocks": [
      2,
      15,
      16,
      17,
      19,
      20,
      22,
      36,
      37,
      38,
      40,
      46,
      47,
      48,
      49,
      60,
      61,
      62,
      64,
      65,
      67,
      68,
      69,
      72,
      73,
      77,
      78,
      79,
      80,
      81,
      82,
      84,
      85,
      87,
      88,
      91,
      92,
      93,
      94,
      95,
      98,
      99,
      104,
      105,
      106,
      107,
      108,
      109,
      111,
      112,
      114,
      116,
      117,
      119,
      120,
      124,
      125,
      126,
      128,
      129
    ],
    "extra_blocks": []
  }
}