{
  "code_similarity": 0.08307735269477799,
  "structure_similarity": 0.8560233105195206,
  "node_counts": {
    "ground_truth": {
      "original": 140,
      "merged": 139
    },
    "llm": {
      "original": 81,
      "merged": 63
    }
  }
}