{
  "code_similarity": 0.09522479754258587,
  "structure_similarity": 0.9479850233058142,
  "node_counts": {
    "ground_truth": {
      "original": 139,
      "merged": 139
    },
    "llm": {
      "original": 63,
      "merged": 63
    }
  }
}