{
  "code_similarity": 0.3900709219858156,
  "structure_similarity": 0.9574548518041308,
  "node_counts": {
    "ground_truth": {
      "original": 117,
      "merged": 117
    },
    "llm": {
      "original": 14,
      "merged": 14
    }
  }
}