{
  "code_similarity": 0.3711664482306684,
  "structure_similarity": 0.9335792201337888,
  "node_counts": {
    "ground_truth": {
      "original": 130,
      "merged": 125
    },
    "llm": {
      "original": 118,
      "merged": 33
    }
  }
}