{
  "code_similarity": 0.37109696742792964,
  "structure_similarity": 0.9738528148769712,
  "node_counts": {
    "ground_truth": {
      "original": 125,
      "merged": 125
    },
    "llm": {
      "original": 33,
      "merged": 33
    }
  }
}