{
  "code_similarity": 0.405537524011393,
  "structure_similarity": 0.9893679375445508,
  "node_counts": {
    "ground_truth": {
      "original": 173,
      "merged": 170
    },
    "llm": {
      "original": 132,
      "merged": 50
    }
  }
}