{
  "code_similarity": 0.4054838068746275,
  "structure_similarity": 0.9475083861648661,
  "node_counts": {
    "ground_truth": {
      "original": 170,
      "merged": 170
    },
    "llm": {
      "original": 50,
      "merged": 48
    }
  }
}