{
  "code_similarity": 0.4734492963111272,
  "structure_similarity": 0.9326799964618635,
  "node_counts": {
    "ground_truth": {
      "original": 191,
      "merged": 191
    },
    "llm": {
      "original": 52,
      "merged": 48
    }
  }
}