{
  "code_similarity": 0.47322501538792217,
  "structure_similarity": 0.9840990806248667,
  "node_counts": {
    "ground_truth": {
      "original": 206,
      "merged": 191
    },
    "llm": {
      "original": 124,
      "merged": 52
    }
  }
}