{
  "total_files": 210,
  "avg_code_similarity": 0.4900777633035463,
  "avg_structure_similarity": 0.5952785063096543,
  "avg_node_reduction_gt": 0.03994583615436696,
  "avg_node_reduction_llm": 0.6062510069276623
}