{
  "edge_analysis": {
    "static_total": 18,
    "llm_total": 35,
    "matched_edges": {
      "exact_matches": 3,
      "partial_matches": 8
    },
    "accuracy_metrics": {
      "precision": 0.08571428571428572,
      "recall": 0.16666666666666666,
      "f1_score": 0.11320754716981132
    }
  },
  "structure_validation": {
    "missing_blocks": [
      "0",
      "1",
      "2",
      "3",
      "4",
      "5",
      "6",
      "7",
      "8",
      "9",
      "10",
      "11",
      "12",
      "13",
      "14",
      "15",
      "16",
      "17"
    ],
    "extra_blocks": [
      "0",
      "1",
      "2",
      "3",
      "4",
      "5",
      "6",
      "7",
      "8",
      "9",
      "10",
      "11",
      "12",
      "13",
      "14",
      "15",
      "16",
      "17",
      "18",
      "19",
      "20",
      "21",
      "22",
      "23",
      "24",
      "25",
      "26",
      "27",
      "28",
      "29",
      "30",
      "31",
      "32",
      "33",
      "34"
    ]
  }
}