{
  "edge_analysis": {
    "static_total": 65,
    "llm_total": 71,
    "matched_edges": {
      "exact_matches": 15,
      "partial_matches": 0
    },
    "accuracy_metrics": {
      "precision": 0.2112676056338028,
      "recall": 0.23076923076923078,
      "f1_score": 0.22033898305084745
    }
  },
  "structure_validation": {
    "missing_blocks": [
      "Edges 1, 2, 3, 4, 5, 6, 7, 8, 9, 10, 11, 12, 13, 14, 15, 16, 17, 18, 19, 20, 21, 22, 23, 24, 25, 26, 27, 28, 29, 30, 31, 32, 33, 34, 35, 36, 37, 38, 39, 40, 41, 42, 43, 44, 45, 46, 47, 48, 49, 50, 51, 52, 53, 54, 55, 56, 57, 58, 59, 60, 61, 62, 63, 64"
    ],
    "extra_blocks": [
      "Edges 1, 2, 3, 4, 5, 6, 7,  8, 9, 10, 11, 12, 13, 14, 15, 16, 17, 18, 19, 20, 21, 22, 23, 24, 25,  26, 27, 28, 29, 30, 31, 32, 33, 34, 35, 36, 37, 38, 39, 40, 41, 42, 43, 44, 45, 46, 47, 48, 49, 50, 51, 52, 53, 54, 55, 56, 57, 58, 59, 60, 61, 62, 63, 64, 65, 66, 67, 68, 69, 70"
    ]
  }
}