{
  "edge_analysis": {
    "static_total": 29,
    "llm_total": 27,
    "matched_edges": {
      "exact_matches": 19,
      "partial_matches": 6
    },
    "accuracy_metrics": {
      "precision": 0.7037037037037037,
      "recall": 0.6551724137931034,
      "f1_score": 0.6785714285714285
    }
  },
  "structure_validation": {
    "missing_blocks": [
      "4",
      "5",
      "6",
      "7",
      "8",
      "9",
      "10",
      "11",
      "12",
      "13",
      "14",
      "15",
      "16",
      "17",
      "18",
      "19",
      "20",
      "21",
      "22",
      "23",
      "24",
      "25",
      "26",
      "27",
      "28"
    ],
    "extra_blocks": [
      "0"
    ]
  }
}