{
  "code_similarity": 0.2693107308491924,
  "structure_similarity": 0.9608590839380396,
  "node_counts": {
    "ground_truth": {
      "original": 110,
      "merged": 105
    },
    "llm": {
      "original": 83,
      "merged": 34
    }
  }
}