{
  "code_similarity": 0.10637998875772905,
  "structure_similarity": 0.8754939485950728,
  "node_counts": {
    "ground_truth": {
      "original": 140,
      "merged": 139
    },
    "llm": {
      "original": 84,
      "merged": 64
    }
  }
}