{
  "code_similarity": 0.2687719461432923,
  "structure_similarity": 0.9694314132734896,
  "node_counts": {
    "ground_truth": {
      "original": 118,
      "merged": 117
    },
    "llm": {
      "original": 189,
      "merged": 99
    }
  }
}