{
  "code_similarity": 0.2330414197637223,
  "structure_similarity": 0.9747318789231185,
  "node_counts": {
    "ground_truth": {
      "original": 130,
      "merged": 125
    },
    "llm": {
      "original": 193,
      "merged": 39
    }
  }
}