{
  "code_similarity": 0.15931146958613895,
  "structure_similarity": 0.9318662207852548,
  "node_counts": {
    "ground_truth": {
      "original": 22,
      "merged": 22
    },
    "llm": {
      "original": 113,
      "merged": 57
    }
  }
}