{
  "code_similarity": 0.47857325835295267,
  "structure_similarity": 0.9837027499609284,
  "node_counts": {
    "ground_truth": {
      "original": 173,
      "merged": 170
    },
    "llm": {
      "original": 193,
      "merged": 87
    }
  }
}