{
  "code_similarity": 0.47356798061326194,
  "structure_similarity": 0.9751807757037045,
  "node_counts": {
    "ground_truth": {
      "original": 206,
      "merged": 191
    },
    "llm": {
      "original": 106,
      "merged": 50
    }
  }
}