{
  "total_cfgs_compared": 189,
  "average_edge_coverage": 0.3655239096953803,
  "average_content_similarity": 0.21164021164021163,
  "average_structure_similarity": 0.4905081431164355,
  "total_gt_edges": 891,
  "total_llm_edges": 1686,
  "total_matched_edges": 506
}