{
  "total_cfgs_compared": 48,
  "average_edge_coverage": 0.5195681673052363,
  "average_content_similarity": 0.0,
  "average_structure_similarity": 0.8333333333333334,
  "total_gt_edges": 225,
  "total_llm_edges": 276,
  "total_matched_edges": 133,
  "average_llm_structure_similarity": 0.8437499999999999,
  "average_llm_content_similarity": 0.8583333333333334,
  "average_llm_total_similarity": 0.8495833333333334,
  "reasonable_percentage": 77.08333333333334
}