{
  "total_cfgs_compared": 190,
  "average_edge_coverage": 0.54279272475979,
  "average_content_similarity": 0.75513864766145,
  "average_structure_similarity": 0.7136545235800881,
  "total_gt_edges": 856,
  "total_llm_edges": 938,
  "total_matched_edges": 570
}